coefficient,ci_lower,ci_upper,mean_est
(Intercept),-0.0435255947753807,0.13221265541824342,0.04361122680655547
afinn_lag1,-3.5625542684168127e-6,5.797926257806934e-6,-2.3282188479879688e-7
wsb_lag1,-6.167423621364616e-6,7.901815200448816e-6,-4.519929198282785e-8
