direction,f_statistic,p_value,significant
AFINN -> Returns,0.38273897935246337,0.8206896436234508,FALSE
Returns -> AFINN,11.449591250596395,4.698868627528441e-8,TRUE
WSB -> Returns,1.6730549118389466,0.09718948548870798,FALSE
Returns -> WSB,4.5577767771871,2.443237895399797e-5,TRUE
